INSERT INTO numbers (id, createdAt, updatedAt)
VALUES (1, '2020-07-01 00:00:00', '2020-07-01 00:00:00'),
  (2, '2020-07-01 00:00:00', '2020-07-01 00:00:00'),
  (3, '2020-07-01 00:00:00', '2020-07-01 00:00:00'),
  (4, '2020-07-01 00:00:00', '2020-07-01 00:00:00'),
  (5, '2020-07-01 00:00:00', '2020-07-01 00:00:00'),
  (6, '2020-07-01 00:00:00', '2020-07-01 00:00:00'),
  (7, '2020-07-01 00:00:00', '2020-07-01 00:00:00'),
  (8, '2020-07-01 00:00:00', '2020-07-01 00:00:00'),
  (9, '2020-07-01 00:00:00', '2020-07-01 00:00:00'),
  (10, '2020-07-01 00:00:00', '2020-07-01 00:00:00'),
  (11, '2020-07-01 00:00:00', '2020-07-01 00:00:00'),
  (12, '2020-07-01 00:00:00', '2020-07-01 00:00:00'),
  (13, '2020-07-01 00:00:00', '2020-07-01 00:00:00'),
  (14, '2020-07-01 00:00:00', '2020-07-01 00:00:00'),
  (15, '2020-07-01 00:00:00', '2020-07-01 00:00:00'),
  (16, '2020-07-01 00:00:00', '2020-07-01 00:00:00'),
  (17, '2020-07-01 00:00:00', '2020-07-01 00:00:00'),
  (18, '2020-07-01 00:00:00', '2020-07-01 00:00:00'),
  (19, '2020-07-01 00:00:00', '2020-07-01 00:00:00'),
  (20, '2020-07-01 00:00:00', '2020-07-01 00:00:00'),
  (21, '2020-07-01 00:00:00', '2020-07-01 00:00:00'),
  (22, '2020-07-01 00:00:00', '2020-07-01 00:00:00'),
  (23, '2020-07-01 00:00:00', '2020-07-01 00:00:00'),
  (24, '2020-07-01 00:00:00', '2020-07-01 00:00:00'),
  (25, '2020-07-01 00:00:00', '2020-07-01 00:00:00'),
  (26, '2020-07-01 00:00:00', '2020-07-01 00:00:00'),
  (27, '2020-07-01 00:00:00', '2020-07-01 00:00:00'),
  (28, '2020-07-01 00:00:00', '2020-07-01 00:00:00'),
  (29, '2020-07-01 00:00:00', '2020-07-01 00:00:00'),
  (30, '2020-07-01 00:00:00', '2020-07-01 00:00:00'),
  (31, '2020-07-01 00:00:00', '2020-07-01 00:00:00'),
  (32, '2020-07-01 00:00:00', '2020-07-01 00:00:00'),
  (33, '2020-07-01 00:00:00', '2020-07-01 00:00:00'),
  (34, '2020-07-01 00:00:00', '2020-07-01 00:00:00'),
  (35, '2020-07-01 00:00:00', '2020-07-01 00:00:00'),
  (36, '2020-07-01 00:00:00', '2020-07-01 00:00:00'),
  (37, '2020-07-01 00:00:00', '2020-07-01 00:00:00'),
  (38, '2020-07-01 00:00:00', '2020-07-01 00:00:00'),
  (39, '2020-07-01 00:00:00', '2020-07-01 00:00:00'),
  (40, '2020-07-01 00:00:00', '2020-07-01 00:00:00'),
  (41, '2020-07-01 00:00:00', '2020-07-01 00:00:00'),
  (42, '2020-07-01 00:00:00', '2020-07-01 00:00:00'),
  (43, '2020-07-01 00:00:00', '2020-07-01 00:00:00'),
  (44, '2020-07-01 00:00:00', '2020-07-01 00:00:00'),
  (45, '2020-07-01 00:00:00', '2020-07-01 00:00:00'),
  (46, '2020-07-01 00:00:00', '2020-07-01 00:00:00'),
  (47, '2020-07-01 00:00:00', '2020-07-01 00:00:00'),
  (48, '2020-07-01 00:00:00', '2020-07-01 00:00:00'),
  (49, '2020-07-01 00:00:00', '2020-07-01 00:00:00'),
  (50, '2020-07-01 00:00:00', '2020-07-01 00:00:00'),
  (51, '2020-07-01 00:00:00', '2020-07-01 00:00:00'),
  (52, '2020-07-01 00:00:00', '2020-07-01 00:00:00'),
  (53, '2020-07-01 00:00:00', '2020-07-01 00:00:00'),
  (54, '2020-07-01 00:00:00', '2020-07-01 00:00:00'),
  (55, '2020-07-01 00:00:00', '2020-07-01 00:00:00'),
  (56, '2020-07-01 00:00:00', '2020-07-01 00:00:00'),
  (57, '2020-07-01 00:00:00', '2020-07-01 00:00:00'),
  (58, '2020-07-01 00:00:00', '2020-07-01 00:00:00'),
  (59, '2020-07-01 00:00:00', '2020-07-01 00:00:00'),
  (60, '2020-07-01 00:00:00', '2020-07-01 00:00:00'),
  (61, '2020-07-01 00:00:00', '2020-07-01 00:00:00'),
  (62, '2020-07-01 00:00:00', '2020-07-01 00:00:00'),
  (63, '2020-07-01 00:00:00', '2020-07-01 00:00:00'),
  (64, '2020-07-01 00:00:00', '2020-07-01 00:00:00'),
  (65, '2020-07-01 00:00:00', '2020-07-01 00:00:00'),
  (66, '2020-07-01 00:00:00', '2020-07-01 00:00:00'),
  (67, '2020-07-01 00:00:00', '2020-07-01 00:00:00'),
  (68, '2020-07-01 00:00:00', '2020-07-01 00:00:00'),
  (69, '2020-07-01 00:00:00', '2020-07-01 00:00:00'),
  (70, '2020-07-01 00:00:00', '2020-07-01 00:00:00'),
  (71, '2020-07-01 00:00:00', '2020-07-01 00:00:00'),
  (72, '2020-07-01 00:00:00', '2020-07-01 00:00:00'),
  (73, '2020-07-01 00:00:00', '2020-07-01 00:00:00'),
  (74, '2020-07-01 00:00:00', '2020-07-01 00:00:00'),
  (75, '2020-07-01 00:00:00', '2020-07-01 00:00:00'),
  (76, '2020-07-01 00:00:00', '2020-07-01 00:00:00'),
  (77, '2020-07-01 00:00:00', '2020-07-01 00:00:00'),
  (78, '2020-07-01 00:00:00', '2020-07-01 00:00:00'),
  (79, '2020-07-01 00:00:00', '2020-07-01 00:00:00'),
  (80, '2020-07-01 00:00:00', '2020-07-01 00:00:00'),
  (81, '2020-07-01 00:00:00', '2020-07-01 00:00:00'),
  (82, '2020-07-01 00:00:00', '2020-07-01 00:00:00'),
  (83, '2020-07-01 00:00:00', '2020-07-01 00:00:00'),
  (84, '2020-07-01 00:00:00', '2020-07-01 00:00:00'),
  (85, '2020-07-01 00:00:00', '2020-07-01 00:00:00'),
  (86, '2020-07-01 00:00:00', '2020-07-01 00:00:00'),
  (87, '2020-07-01 00:00:00', '2020-07-01 00:00:00'),
  (88, '2020-07-01 00:00:00', '2020-07-01 00:00:00'),
  (89, '2020-07-01 00:00:00', '2020-07-01 00:00:00'),
  (90, '2020-07-01 00:00:00', '2020-07-01 00:00:00'),
  (91, '2020-07-01 00:00:00', '2020-07-01 00:00:00'),
  (92, '2020-07-01 00:00:00', '2020-07-01 00:00:00'),
  (93, '2020-07-01 00:00:00', '2020-07-01 00:00:00'),
  (94, '2020-07-01 00:00:00', '2020-07-01 00:00:00'),
  (95, '2020-07-01 00:00:00', '2020-07-01 00:00:00'),
  (96, '2020-07-01 00:00:00', '2020-07-01 00:00:00'),
  (97, '2020-07-01 00:00:00', '2020-07-01 00:00:00'),
  (98, '2020-07-01 00:00:00', '2020-07-01 00:00:00'),
  (99, '2020-07-01 00:00:00', '2020-07-01 00:00:00'),
  (
    100,
    '2020-07-01 00:00:00',
    '2020-07-01 00:00:00'
  );
INSERT INTO industries (industry, createdAt, updatedAt)
VALUES (
    'Apparel',
    '2020-07-01 00:00:00',
    '2020-07-01 00:00:00'
  ),
  (
    'Engineering',
    '2020-07-01 00:00:00',
    '2020-07-01 00:00:00'
  ),
  (
    'Jewelry',
    '2020-07-01 00:00:00',
    '2020-07-01 00:00:00'
  ),
  (
    'Logistics',
    '2020-07-01 00:00:00',
    '2020-07-01 00:00:00'
  ),
  (
    'Manufacturing',
    '2020-07-01 00:00:00',
    '2020-07-01 00:00:00'
  ),
  (
    'Medical Supplies',
    '2020-07-01 00:00:00',
    '2020-07-01 00:00:00'
  ),
  (
    'Packaging',
    '2020-07-01 00:00:00',
    '2020-07-01 00:00:00'
  ),
  (
    'Pallets',
    '2020-07-01 00:00:00',
    '2020-07-01 00:00:00'
  ),
  (
    'Printing',
    '2020-07-01 00:00:00',
    '2020-07-01 00:00:00'
  ),
  (
    'Warehouse supplies',
    '2020-07-01 00:00:00',
    '2020-07-01 00:00:00'
  );
INSERT INTO businessTypes (businessType, createdAt, updatedAt)
VALUES (
    'Established',
    '2020-07-01 00:00:00',
    '2020-07-01 00:00:00'
  ),
  (
    'Potential',
    '2020-07-01 00:00:00',
    '2020-07-01 00:00:00'
  ),
  (
    'Made Introductions',
    '2020-07-01 00:00:00',
    '2020-07-01 00:00:00'
  ),
  (
    'Competitor',
    '2020-07-01 00:00:00',
    '2020-07-01 00:00:00'
  ),
  (
    'Keep on eye on',
    '2020-07-01 00:00:00',
    '2020-07-01 00:00:00'
  ),
  (
    'Supplier',
    '2020-07-01 00:00:00',
    '2020-07-01 00:00:00'
  ),
  (
    'Customer',
    '2020-07-01 00:00:00',
    '2020-07-01 00:00:00'
  );
INSERT INTO businessFunctions (businessFunction, createdAt, updatedAt)
VALUES (
    'Owner',
    '2020-07-01 00:00:00',
    '2020-07-01 00:00:00'
  ),
  (
    'Partner',
    '2020-07-01 00:00:00',
    '2020-07-01 00:00:00'
  ),
  (
    'Customer',
    '2020-07-01 00:00:00',
    '2020-07-01 00:00:00'
  ),
  (
    'Supplier',
    '2020-07-01 00:00:00',
    '2020-07-01 00:00:00'
  ),
  (
    'Accounting',
    '2020-07-01 00:00:00',
    '2020-07-01 00:00:00'
  ),
  (
    'Marketing',
    '2020-07-01 00:00:00',
    '2020-07-01 00:00:00'
  ),
  (
    'Sales',
    '2020-07-01 00:00:00',
    '2020-07-01 00:00:00'
  ),
  (
    'Logistics',
    '2020-07-01 00:00:00',
    '2020-07-01 00:00:00'
  ),
  (
    'Manufacturing',
    '2020-07-01 00:00:00',
    '2020-07-01 00:00:00'
  ),
  (
    'HR',
    '2020-07-01 00:00:00',
    '2020-07-01 00:00:00'
  ),
  (
    'Payroll',
    '2020-07-01 00:00:00',
    '2020-07-01 00:00:00'
  ),
  (
    'Mentor',
    '2020-07-01 00:00:00',
    '2020-07-01 00:00:00'
  ),
  (
    'Motivational',
    '2020-07-01 00:00:00',
    '2020-07-01 00:00:00'
  ),
  (
    'Events',
    '2020-07-01 00:00:00',
    '2020-07-01 00:00:00'
  );
INSERT INTO services (service, createdAt, updatedAt)
VALUES (
    'Advertising Service',
    '2020-07-01 00:00:00',
    '2020-07-01 00:00:00'
  ),
  (
    'Affiliate Sales and Marketing Consultant',
    '2020-07-01 00:00:00',
    '2020-07-01 00:00:00'
  ),
  (
    'App Developer',
    '2020-07-01 00:00:00',
    '2020-07-01 00:00:00'
  ),
  (
    'Bookkeeping',
    '2020-07-01 00:00:00',
    '2020-07-01 00:00:00'
  ),
  (
    'Brand Ambassador',
    '2020-07-01 00:00:00',
    '2020-07-01 00:00:00'
  ),
  (
    'Brand Photographer',
    '2020-07-01 00:00:00',
    '2020-07-01 00:00:00'
  ),
  (
    'Business Consulting',
    '2020-07-01 00:00:00',
    '2020-07-01 00:00:00'
  ),
  (
    'Business Plan Consultant',
    '2020-07-01 00:00:00',
    '2020-07-01 00:00:00'
  ),
  (
    'Certified Professional Accountant',
    '2020-07-01 00:00:00',
    '2020-07-01 00:00:00'
  ),
  (
    'Conference Marketing Manager',
    '2020-07-01 00:00:00',
    '2020-07-01 00:00:00'
  ),
  (
    'Content Marketing Strategist',
    '2020-07-01 00:00:00',
    '2020-07-01 00:00:00'
  ),
  (
    'Content Writer',
    '2020-07-01 00:00:00',
    '2020-07-01 00:00:00'
  ),
  (
    'Contract Drafting and Review Service',
    '2020-07-01 00:00:00',
    '2020-07-01 00:00:00'
  ),
  (
    'Copywriting',
    '2020-07-01 00:00:00',
    '2020-07-01 00:00:00'
  ),
  (
    'Corporate Event Planner',
    '2020-07-01 00:00:00',
    '2020-07-01 00:00:00'
  ),
  (
    'Corporate Retreat Coordinator',
    '2020-07-01 00:00:00',
    '2020-07-01 00:00:00'
  ),
  (
    'Data Analysis',
    '2020-07-01 00:00:00',
    '2020-07-01 00:00:00'
  ),
  (
    'Data Management Consultant',
    '2020-07-01 00:00:00',
    '2020-07-01 00:00:00'
  ),
  (
    'Digital Marketing',
    '2020-07-01 00:00:00',
    '2020-07-01 00:00:00'
  ),
  (
    'Editing and Proofreading Service',
    '2020-07-01 00:00:00',
    '2020-07-01 00:00:00'
  ),
  (
    'Email Marketing Manager',
    '2020-07-01 00:00:00',
    '2020-07-01 00:00:00'
  ),
  (
    'Errand Service',
    '2020-07-01 00:00:00',
    '2020-07-01 00:00:00'
  ),
  (
    'Event Planning',
    '2020-07-01 00:00:00',
    '2020-07-01 00:00:00'
  ),
  (
    'Event Videographer',
    '2020-07-01 00:00:00',
    '2020-07-01 00:00:00'
  ),
  (
    'Executive Headhunting',
    '2020-07-01 00:00:00',
    '2020-07-01 00:00:00'
  ),
  (
    'Facebook Ads Strategist',
    '2020-07-01 00:00:00',
    '2020-07-01 00:00:00'
  ),
  (
    'Financial Auditor',
    '2020-07-01 00:00:00',
    '2020-07-01 00:00:00'
  ),
  (
    'Fitness Training',
    '2020-07-01 00:00:00',
    '2020-07-01 00:00:00'
  ),
  (
    'Food Delivery',
    '2020-07-01 00:00:00',
    '2020-07-01 00:00:00'
  ),
  (
    'Freelance Researcher',
    '2020-07-01 00:00:00',
    '2020-07-01 00:00:00'
  ),
  (
    'Fundraising Event Coordinator',
    '2020-07-01 00:00:00',
    '2020-07-01 00:00:00'
  ),
  (
    'Graphic designer',
    '2020-07-01 00:00:00',
    '2020-07-01 00:00:00'
  ),
  (
    'Instagram Marketing Strategist',
    '2020-07-01 00:00:00',
    '2020-07-01 00:00:00'
  ),
  (
    'IT Service',
    '2020-07-01 00:00:00',
    '2020-07-01 00:00:00'
  ),
  (
    'IT Systems Consultant',
    '2020-07-01 00:00:00',
    '2020-07-01 00:00:00'
  ),
  (
    'Language Translation',
    '2020-07-01 00:00:00',
    '2020-07-01 00:00:00'
  ),
  (
    'Lead Generating',
    '2020-07-01 00:00:00',
    '2020-07-01 00:00:00'
  ),
  (
    'Legal Process Server',
    '2020-07-01 00:00:00',
    '2020-07-01 00:00:00'
  ),
  (
    'Life Coach',
    '2020-07-01 00:00:00',
    '2020-07-01 00:00:00'
  ),
  (
    'Live Chat Customer Support Service',
    '2020-07-01 00:00:00',
    '2020-07-01 00:00:00'
  ),
  (
    'Live Video Producer',
    '2020-07-01 00:00:00',
    '2020-07-01 00:00:00'
  ),
  (
    'Makeup artist',
    '2020-07-01 00:00:00',
    '2020-07-01 00:00:00'
  ),
  (
    'Marketing Copywriter',
    '2020-07-01 00:00:00',
    '2020-07-01 00:00:00'
  ),
  (
    'Marketing Video Producer',
    '2020-07-01 00:00:00',
    '2020-07-01 00:00:00'
  ),
  (
    'Meal Delivery Service',
    '2020-07-01 00:00:00',
    '2020-07-01 00:00:00'
  ),
  (
    'Messenger Service',
    '2020-07-01 00:00:00',
    '2020-07-01 00:00:00'
  ),
  (
    'Moving Service',
    '2020-07-01 00:00:00',
    '2020-07-01 00:00:00'
  ),
  (
    'Nutrition Consultant',
    '2020-07-01 00:00:00',
    '2020-07-01 00:00:00'
  ),
  (
    'Office Support Services',
    '2020-07-01 00:00:00',
    '2020-07-01 00:00:00'
  ),
  (
    'Paralegal Services',
    '2020-07-01 00:00:00',
    '2020-07-01 00:00:00'
  ),
  (
    'Payroll Processing Service',
    '2020-07-01 00:00:00',
    '2020-07-01 00:00:00'
  ),
  (
    'Personal Chef',
    '2020-07-01 00:00:00',
    '2020-07-01 00:00:00'
  ),
  (
    'Personal Fitness Trainer',
    '2020-07-01 00:00:00',
    '2020-07-01 00:00:00'
  ),
  (
    'Photographer',
    '2020-07-01 00:00:00',
    '2020-07-01 00:00:00'
  ),
  (
    'Podcast Producer',
    '2020-07-01 00:00:00',
    '2020-07-01 00:00:00'
  ),
  (
    'Presentation and Proposal Designer',
    '2020-07-01 00:00:00',
    '2020-07-01 00:00:00'
  ),
  (
    'Printing Service',
    '2020-07-01 00:00:00',
    '2020-07-01 00:00:00'
  ),
  (
    'Project Manager',
    '2020-07-01 00:00:00',
    '2020-07-01 00:00:00'
  ),
  (
    'Research Service',
    '2020-07-01 00:00:00',
    '2020-07-01 00:00:00'
  ),
  (
    'SEO Strategist',
    '2020-07-01 00:00:00',
    '2020-07-01 00:00:00'
  ),
  (
    'Social Media Manager',
    '2020-07-01 00:00:00',
    '2020-07-01 00:00:00'
  ),
  (
    'Software Installation Service',
    '2020-07-01 00:00:00',
    '2020-07-01 00:00:00'
  ),
  (
    'Trade Show Producer',
    '2020-07-01 00:00:00',
    '2020-07-01 00:00:00'
  ),
  (
    'Translation Service',
    '2020-07-01 00:00:00',
    '2020-07-01 00:00:00'
  ),
  (
    'Transportation Service',
    '2020-07-01 00:00:00',
    '2020-07-01 00:00:00'
  ),
  (
    'Videography Service',
    '2020-07-01 00:00:00',
    '2020-07-01 00:00:00'
  ),
  (
    'Virtual assistant',
    '2020-07-01 00:00:00',
    '2020-07-01 00:00:00'
  ),
  (
    'Web Design',
    '2020-07-01 00:00:00',
    '2020-07-01 00:00:00'
  );
INSERT INTO businesses (
    businessName,
    tagLine,
    address1,
    city,
    state,
    zip,
    country,
    notes,
    businessTypeID,
    numberID,
    createdAt,
    updatedAt
  )
VALUES (
    'podive',
    'Here to be the best',
    '87 Sutor St.',
    'Mechanicsburg',
    'PA',
    '17050',
    'United States',
    'hello',
    5,
    5,
    '2020-07-01 00:00:00',
    '2020-07-01 00:00:00'
  ),
  (
    'telendu',
    'How can we help today?',
    '68 N. Courtland Dr.',
    'Palmetto',
    'FL',
    '34221',
    'United States',
    'great customer, Steve was always helpful',
    4,
    2,
    '2020-07-01 00:00:00',
    '2020-07-01 00:00:00'
  ),
  (
    'neodoo',
    'Fitness is fun',
    '7852 Studebaker St.',
    'Colorado Springs',
    'CO',
    '80911',
    'United States',
    'Does not like small talk with unscheduled calls',
    2,
    7,
    '2020-07-01 00:00:00',
    '2020-07-01 00:00:00'
  ),
  (
    'metanti',
    'The best products ever!',
    '529 Orange Court',
    'Herndon',
    'VA',
    '20170',
    'United States',
    null,
    2,
    9,
    '2020-07-01 00:00:00',
    '2020-07-01 00:00:00'
  ),
  (
    'abalium',
    Null,
    '650 Wilson Lane',
    'Ephrata',
    'PA',
    '17522',
    'United States',
    null,
    5,
    5,
    '2020-07-01 00:00:00',
    '2020-07-01 00:00:00'
  ),
  (
    'ceder',
    Null,
    '17 W. Vermont Dr.',
    'Smyrna',
    'GA',
    '30080',
    'United States',
    null,
    5,
    7,
    '2020-07-01 00:00:00',
    '2020-07-01 00:00:00'
  ),
  (
    'kimm',
    Null,
    '23 E. Orange Lane',
    'Coram',
    'NY',
    '11727',
    'United States',
    null,
    1,
    2,
    '2020-07-01 00:00:00',
    '2020-07-01 00:00:00'
  ),
  (
    'archent',
    Null,
    '171 Elmwood St.',
    'Buffalo',
    'NY',
    '14215',
    'United States',
    null,
    3,
    7,
    '2020-07-01 00:00:00',
    '2020-07-01 00:00:00'
  ),
  (
    'albil',
    Null,
    '952 W. Walnutwood St.',
    'Bethpage',
    'NY',
    '11714',
    'United States',
    null,
    2,
    7,
    '2020-07-01 00:00:00',
    '2020-07-01 00:00:00'
  ),
  (
    'nonicious',
    Null,
    '45 Rockaway Dr.',
    'Cleveland',
    'TN',
    '37312',
    'United States',
    null,
    1,
    4,
    '2020-07-01 00:00:00',
    '2020-07-01 00:00:00'
  ),
  (
    'skicero',
    Null,
    '665 Applegate Court',
    'Piedmont',
    'SC',
    '29673',
    'United States',
    null,
    1,
    2,
    '2020-07-01 00:00:00',
    '2020-07-01 00:00:00'
  ),
  (
    'quacee',
    Null,
    '7951 Alton Street',
    'Ann Arbor',
    'MI',
    '48103',
    'United States',
    null,
    2,
    2,
    '2020-07-01 00:00:00',
    '2020-07-01 00:00:00'
  ),
  (
    'sugescent',
    Null,
    '7616 East Delaware St.',
    'Spring Valley',
    'NY',
    '10977',
    'United States',
    null,
    5,
    8,
    '2020-07-01 00:00:00',
    '2020-07-01 00:00:00'
  ),
  (
    'dynovee',
    Null,
    '795 East St Paul Street',
    'Southfield',
    'MI',
    '48076',
    'United States',
    null,
    5,
    2,
    '2020-07-01 00:00:00',
    '2020-07-01 00:00:00'
  ),
  (
    'monous',
    Null,
    '23 Jockey Hollow Court',
    'Milledgeville',
    'GA',
    '31061',
    'United States',
    null,
    3,
    5,
    '2020-07-01 00:00:00',
    '2020-07-01 00:00:00'
  ),
  (
    'idiondu',
    Null,
    '24 Green Hill Avenue',
    'Tuscaloosa',
    'AL',
    '35405',
    'United States',
    null,
    5,
    2,
    '2020-07-01 00:00:00',
    '2020-07-01 00:00:00'
  ),
  (
    'skyist',
    Null,
    '8807 North Rock Creek St.',
    'Bowling Green',
    'KY',
    '42101',
    'United States',
    null,
    5,
    3,
    '2020-07-01 00:00:00',
    '2020-07-01 00:00:00'
  ),
  (
    'decero',
    Null,
    '49 Rockwell St.',
    'High Point',
    'NC',
    '27265',
    'United States',
    null,
    3,
    4,
    '2020-07-01 00:00:00',
    '2020-07-01 00:00:00'
  ),
  (
    'kava',
    Null,
    '513 Tanglewood Court',
    'Bethel Park',
    'PA',
    '15102',
    'United States',
    null,
    1,
    9,
    '2020-07-01 00:00:00',
    '2020-07-01 00:00:00'
  ),
  (
    'aginti',
    Null,
    '301 Clay Ave.',
    'Dracut',
    'MA',
    '01826',
    'United States',
    null,
    1,
    6,
    '2020-07-01 00:00:00',
    '2020-07-01 00:00:00'
  ),
  (
    'eambu',
    Null,
    '65 Vernon Drive',
    'Butler',
    'PA',
    '16001',
    'United States',
    null,
    4,
    4,
    '2020-07-01 00:00:00',
    '2020-07-01 00:00:00'
  ),
  (
    'dudo',
    Null,
    '65 Clay Lane',
    'Westland',
    'MI',
    '48185',
    'United States',
    null,
    4,
    2,
    '2020-07-01 00:00:00',
    '2020-07-01 00:00:00'
  ),
  (
    'zalane',
    Null,
    '239 Arlington Ave.',
    'New Albany',
    'IN',
    '47150',
    'United States',
    null,
    1,
    1,
    '2020-07-01 00:00:00',
    '2020-07-01 00:00:00'
  ),
  (
    'ofic',
    Null,
    '96 Oak Valley Street',
    'Oviedo',
    'FL',
    '32765',
    'United States',
    null,
    2,
    4,
    '2020-07-01 00:00:00',
    '2020-07-01 00:00:00'
  ),
  (
    'dolore',
    Null,
    '7053 Wagon Drive',
    'Stamford',
    'CT',
    '06902',
    'United States',
    null,
    3,
    9,
    '2020-07-01 00:00:00',
    '2020-07-01 00:00:00'
  ),
  (
    'mufic',
    Null,
    '216 Broad Ave.',
    'Schenectady',
    'NY',
    '12302',
    'United States',
    null,
    4,
    1,
    '2020-07-01 00:00:00',
    '2020-07-01 00:00:00'
  ),
  (
    'pedore',
    Null,
    '64 King Dr.',
    'Kearny',
    'NJ',
    '07032',
    'United States',
    null,
    4,
    1,
    '2020-07-01 00:00:00',
    '2020-07-01 00:00:00'
  ),
  (
    'sociveo',
    Null,
    '9531 N. Sunnyslope Dr.',
    'Jonesborough',
    'TN',
    '37659',
    'United States',
    null,
    1,
    2,
    '2020-07-01 00:00:00',
    '2020-07-01 00:00:00'
  ),
  (
    'calcise',
    Null,
    '519 Valley View Avenue',
    'Des Moines',
    'IA',
    '50310',
    'United States',
    null,
    1,
    2,
    '2020-07-01 00:00:00',
    '2020-07-01 00:00:00'
  ),
  (
    'audic',
    Null,
    '756 NE. Grandrose St.',
    'Munster',
    'IN',
    '46321',
    'United States',
    null,
    4,
    2,
    '2020-07-01 00:00:00',
    '2020-07-01 00:00:00'
  ),
  (
    'twizu',
    Null,
    '97 Ocean Avenue',
    'Apopka',
    'FL',
    '32703',
    'United States',
    null,
    2,
    2,
    '2020-07-01 00:00:00',
    '2020-07-01 00:00:00'
  ),
  (
    'leeva',
    Null,
    '9972 Redwood Dr.',
    'Lafayette',
    'IN',
    '47905',
    'United States',
    null,
    4,
    1,
    '2020-07-01 00:00:00',
    '2020-07-01 00:00:00'
  ),
  (
    'misore',
    Null,
    '309 E. Williams Street',
    'Jamaica',
    'NY',
    '11432',
    'United States',
    null,
    5,
    2,
    '2020-07-01 00:00:00',
    '2020-07-01 00:00:00'
  ),
  (
    'hypolith',
    Null,
    '616 Cottage Street',
    'Cockeysville',
    'MD',
    '21030',
    'United States',
    null,
    5,
    6,
    '2020-07-01 00:00:00',
    '2020-07-01 00:00:00'
  ),
  (
    'mistilia',
    Null,
    '42 Locust Drive',
    'Madison Heights',
    'MI',
    '48071',
    'United States',
    null,
    5,
    3,
    '2020-07-01 00:00:00',
    '2020-07-01 00:00:00'
  ),
  (
    'dialane',
    Null,
    '695 E. Fulton Ave.',
    'Glendale',
    'AZ',
    '85302',
    'United States',
    null,
    1,
    8,
    '2020-07-01 00:00:00',
    '2020-07-01 00:00:00'
  ),
  (
    'colity',
    Null,
    '9905 Del Monte Street',
    'Boca Raton',
    'FL',
    '33428',
    'United States',
    null,
    2,
    9,
    '2020-07-01 00:00:00',
    '2020-07-01 00:00:00'
  ),
  (
    'cryptozu',
    Null,
    '9289 Linda Drive',
    'Waterbury',
    'CT',
    '06705',
    'United States',
    null,
    2,
    5,
    '2020-07-01 00:00:00',
    '2020-07-01 00:00:00'
  ),
  (
    'panicious',
    Null,
    '37 Inverness St.',
    'Hilliard',
    'OH',
    '43026',
    'United States',
    null,
    4,
    8,
    '2020-07-01 00:00:00',
    '2020-07-01 00:00:00'
  ),
  (
    'perilith',
    Null,
    '852 Military St.',
    'Moncks Corner',
    'SC',
    '29461',
    'United States',
    null,
    4,
    8,
    '2020-07-01 00:00:00',
    '2020-07-01 00:00:00'
  ),
  (
    'paleore',
    Null,
    '8298 Sage Ave.',
    'Lebanon',
    'PA',
    '17042',
    'United States',
    null,
    1,
    9,
    '2020-07-01 00:00:00',
    '2020-07-01 00:00:00'
  ),
  (
    'microcy',
    Null,
    '33 Sheffield St.',
    'Helotes',
    'TX',
    '78023',
    'United States',
    null,
    1,
    1,
    '2020-07-01 00:00:00',
    '2020-07-01 00:00:00'
  ),
  (
    'contrajo',
    Null,
    '8277 Edgemont Avenue',
    'Hyde Park',
    'MA',
    '02136',
    'United States',
    null,
    3,
    3,
    '2020-07-01 00:00:00',
    '2020-07-01 00:00:00'
  ),
  (
    'felescent',
    Null,
    '7674 Surrey St.',
    'Galloway',
    'OH',
    '43119',
    'United States',
    null,
    1,
    4,
    '2020-07-01 00:00:00',
    '2020-07-01 00:00:00'
  ),
  (
    'fortosis',
    Null,
    '9693 East Gainsway Drive',
    'Ellenwood',
    'GA',
    '30294',
    'United States',
    null,
    3,
    1,
    '2020-07-01 00:00:00',
    '2020-07-01 00:00:00'
  ),
  (
    'bender',
    Null,
    '92 Central Street',
    'Goose Creek',
    'SC',
    '29445',
    'United States',
    null,
    5,
    1,
    '2020-07-01 00:00:00',
    '2020-07-01 00:00:00'
  ),
  (
    'pixozu',
    Null,
    '8195 Depot Street',
    'Holly Springs',
    'NC',
    '27540',
    'United States',
    null,
    2,
    6,
    '2020-07-01 00:00:00',
    '2020-07-01 00:00:00'
  ),
  (
    'genu',
    Null,
    '88 Fordham Street',
    'North Ridgeville',
    'OH',
    '44039',
    'United States',
    null,
    2,
    2,
    '2020-07-01 00:00:00',
    '2020-07-01 00:00:00'
  ),
  (
    'epizio',
    Null,
    '7106 Longfellow St.',
    'West Chester',
    'PA',
    '19380',
    'United States',
    null,
    3,
    3,
    '2020-07-01 00:00:00',
    '2020-07-01 00:00:00'
  ),
  (
    'omnimbo',
    Null,
    '57 Morris Avenue',
    'Oxnard',
    'CA',
    '93035',
    'United States',
    null,
    2,
    9,
    '2020-07-01 00:00:00',
    '2020-07-01 00:00:00'
  ),
  (
    'kwimbo',
    Null,
    '862 Talbot St.',
    'Manchester',
    'NH',
    '03102',
    'United States',
    null,
    2,
    7,
    '2020-07-01 00:00:00',
    '2020-07-01 00:00:00'
  ),
  (
    'acerescent',
    Null,
    '91 Water Ave.',
    'Pleasanton',
    'CA',
    '94566',
    'United States',
    null,
    4,
    1,
    '2020-07-01 00:00:00',
    '2020-07-01 00:00:00'
  ),
  (
    'skata',
    Null,
    '740 Wagon Dr.',
    'Richmond',
    'VA',
    '23223',
    'United States',
    null,
    4,
    6,
    '2020-07-01 00:00:00',
    '2020-07-01 00:00:00'
  ),
  (
    'gradideo',
    Null,
    '28 E. Belmont Lane',
    'Grand Blanc',
    'MI',
    '48439',
    'United States',
    null,
    5,
    2,
    '2020-07-01 00:00:00',
    '2020-07-01 00:00:00'
  ),
  (
    'forent',
    Null,
    '8950 Oakland Street',
    'Mokena',
    'IL',
    '60448',
    'United States',
    null,
    1,
    2,
    '2020-07-01 00:00:00',
    '2020-07-01 00:00:00'
  ),
  (
    'domosis',
    Null,
    '8774 Surrey Avenue',
    'Hackensack',
    'NJ',
    '07601',
    'United States',
    null,
    4,
    2,
    '2020-07-01 00:00:00',
    '2020-07-01 00:00:00'
  ),
  (
    'tambo',
    Null,
    '268 Homewood Dr.',
    'Albany',
    'NY',
    '12203',
    'United States',
    null,
    1,
    10,
    '2020-07-01 00:00:00',
    '2020-07-01 00:00:00'
  ),
  (
    'aicy',
    Null,
    '84 Sycamore Avenue',
    'Coventry',
    'RI',
    '02816',
    'United States',
    null,
    2,
    10,
    '2020-07-01 00:00:00',
    '2020-07-01 00:00:00'
  ),
  (
    'comive',
    Null,
    '783 St Louis Dr.',
    'Bangor',
    'ME',
    '04401',
    'United States',
    null,
    2,
    5,
    '2020-07-01 00:00:00',
    '2020-07-01 00:00:00'
  ),
  (
    'disill',
    Null,
    '797 Wentworth St.',
    'Urbandale',
    'IA',
    '50322',
    'United States',
    null,
    3,
    6,
    '2020-07-01 00:00:00',
    '2020-07-01 00:00:00'
  ),
  (
    'dynare',
    Null,
    '9507 Richardson Lane',
    'Far Rockaway',
    'NY',
    '11691',
    'United States',
    null,
    4,
    1,
    '2020-07-01 00:00:00',
    '2020-07-01 00:00:00'
  ),
  (
    'trido',
    Null,
    '8552 SW. Hillside St.',
    'South Plainfield',
    'NJ',
    '07080',
    'United States',
    null,
    3,
    4,
    '2020-07-01 00:00:00',
    '2020-07-01 00:00:00'
  ),
  (
    'myescent',
    Null,
    '630 Grove Ave.',
    'Antioch',
    'TN',
    '37013',
    'United States',
    null,
    4,
    6,
    '2020-07-01 00:00:00',
    '2020-07-01 00:00:00'
  ),
  (
    'ener',
    Null,
    '99 Pine Ave.',
    'Zionsville',
    'IN',
    '46077',
    'United States',
    null,
    2,
    2,
    '2020-07-01 00:00:00',
    '2020-07-01 00:00:00'
  ),
  (
    'transill',
    Null,
    '638 Mayfair Road',
    'Rapid City',
    'SD',
    '57701',
    'United States',
    null,
    4,
    9,
    '2020-07-01 00:00:00',
    '2020-07-01 00:00:00'
  ),
  (
    'execuveo',
    Null,
    '62 6th St.',
    'Bloomington',
    'IN',
    '47401',
    'United States',
    null,
    1,
    2,
    '2020-07-01 00:00:00',
    '2020-07-01 00:00:00'
  ),
  (
    'mimba',
    Null,
    '5 Rockaway Avenue',
    'Englishtown',
    'NJ',
    '07726',
    'United States',
    null,
    3,
    5,
    '2020-07-01 00:00:00',
    '2020-07-01 00:00:00'
  ),
  (
    'syil',
    Null,
    '8281 West Deerfield Rd.',
    'Corpus Christi',
    'TX',
    '78418',
    'United States',
    null,
    4,
    4,
    '2020-07-01 00:00:00',
    '2020-07-01 00:00:00'
  );
INSERT INTO contactTypes (contactType, createdAt, updatedAt)
VALUES (
    'Business',
    '2020-07-01 00:00:00',
    '2020-07-01 00:00:00'
  ),
  (
    'Contact',
    '2020-07-01 00:00:00',
    '2020-07-01 00:00:00'
  ),
  (
    'Event',
    '2020-07-01 00:00:00',
    '2020-07-01 00:00:00'
  ),
  (
    'Phone - Work',
    '2020-07-01 00:00:00',
    '2020-07-01 00:00:00'
  ),
  (
    'Email',
    '2020-07-01 00:00:00',
    '2020-07-01 00:00:00'
  ),
  (
    'Phone - Cell',
    '2020-07-01 00:00:00',
    '2020-07-01 00:00:00'
  ),
  (
    'YouTube',
    '2020-07-01 00:00:00',
    '2020-07-01 00:00:00'
  ),
  (
    'Twitter',
    '2020-07-01 00:00:00',
    '2020-07-01 00:00:00'
  ),
  (
    'Amazon',
    '2020-07-01 00:00:00',
    '2020-07-01 00:00:00'
  ),
  (
    'Facebook',
    '2020-07-01 00:00:00',
    '2020-07-01 00:00:00'
  ),
  (
    'LinkedIn',
    '2020-07-01 00:00:00',
    '2020-07-01 00:00:00'
  ),
  (
    'TikTok',
    '2020-07-01 00:00:00',
    '2020-07-01 00:00:00'
  ),
  (
    'WhatsApp',
    '2020-07-01 00:00:00',
    '2020-07-01 00:00:00'
  );
INSERT INTO roles (role, createdAt, updatedAt)
VALUES (
    'CEO',
    '2020-07-01 00:00:00',
    '2020-07-01 00:00:00'
  ),
  (
    'CFO',
    '2020-07-01 00:00:00',
    '2020-07-01 00:00:00'
  ),
  (
    'COO',
    '2020-07-01 00:00:00',
    '2020-07-01 00:00:00'
  ),
  (
    'Operations Manager',
    '2020-07-01 00:00:00',
    '2020-07-01 00:00:00'
  ),
  (
    'Office Manager',
    '2020-07-01 00:00:00',
    '2020-07-01 00:00:00'
  ),
  (
    'Project Manager',
    '2020-07-01 00:00:00',
    '2020-07-01 00:00:00'
  ),
  (
    'Marketing Manager',
    '2020-07-01 00:00:00',
    '2020-07-01 00:00:00'
  ),
  (
    'Shipping Manager',
    '2020-07-01 00:00:00',
    '2020-07-01 00:00:00'
  ),
  (
    'Receiving Manger',
    '2020-07-01 00:00:00',
    '2020-07-01 00:00:00'
  ),
  (
    'Sales Rep',
    '2020-07-01 00:00:00',
    '2020-07-01 00:00:00'
  ),
  (
    'Buyer',
    '2020-07-01 00:00:00',
    '2020-07-01 00:00:00'
  ),
  (
    'Logistics',
    '2020-07-01 00:00:00',
    '2020-07-01 00:00:00'
  ),
  (
    'Engineer',
    '2020-07-01 00:00:00',
    '2020-07-01 00:00:00'
  ),
  (
    'Technical',
    '2020-07-01 00:00:00',
    '2020-07-01 00:00:00'
  ),
  (
    'Quality Control',
    '2020-07-01 00:00:00',
    '2020-07-01 00:00:00'
  ),
  (
    'Receptionist',
    '2020-07-01 00:00:00',
    '2020-07-01 00:00:00'
  );
INSERT INTO useContactWhen (contactWhen, createdAt, updatedAt)
VALUES (
    'Primary Contact',
    '2020-07-01 00:00:00',
    '2020-07-01 00:00:00'
  ),
  (
    'Secondary Contact',
    '2020-07-01 00:00:00',
    '2020-07-01 00:00:00'
  ),
  (
    'For payment',
    '2020-07-01 00:00:00',
    '2020-07-01 00:00:00'
  ),
  (
    'To schedule a shipment',
    '2020-07-01 00:00:00',
    '2020-07-01 00:00:00'
  ),
  (
    'For quality issues',
    '2020-07-01 00:00:00',
    '2020-07-01 00:00:00'
  ),
  (
    'Event scheduling',
    '2020-07-01 00:00:00',
    '2020-07-01 00:00:00'
  ),
  (
    'Marketing',
    '2020-07-01 00:00:00',
    '2020-07-01 00:00:00'
  );
INSERT INTO contacts (
    contactName,
    businessFunctionID,
    businessID,
    createdAt,
    updatedAt
  )
VALUES (
    'Rhian O Neill',
    13,
    1,
    '2020-07-01 00:00:00',
    '2020-07-01 00:00:00'
  ),
  (
    'Fionn Edwards',
    7,
    1,
    '2020-07-01 00:00:00',
    '2020-07-01 00:00:00'
  ),
  (
    'Rohan Estrada',
    1,
    1,
    '2020-07-01 00:00:00',
    '2020-07-01 00:00:00'
  ),
  (
    'Richie Irvine',
    6,
    1,
    '2020-07-01 00:00:00',
    '2020-07-01 00:00:00'
  ),
  (
    'Deanne Lynch',
    8,
    1,
    '2020-07-01 00:00:00',
    '2020-07-01 00:00:00'
  ),
  (
    'Henna Crawford',
    4,
    1,
    '2020-07-01 00:00:00',
    '2020-07-01 00:00:00'
  ),
  (
    'Colin Cuevas',
    6,
    1,
    '2020-07-01 00:00:00',
    '2020-07-01 00:00:00'
  ),
  (
    'Tori Walsh',
    15,
    4,
    '2020-07-01 00:00:00',
    '2020-07-01 00:00:00'
  ),
  (
    'Jonas Lindsey',
    6,
    20,
    '2020-07-01 00:00:00',
    '2020-07-01 00:00:00'
  ),
  (
    'Beatrix Lowery',
    8,
    22,
    '2020-07-01 00:00:00',
    '2020-07-01 00:00:00'
  ),
  (
    'Lenny Mcphee',
    7,
    24,
    '2020-07-01 00:00:00',
    '2020-07-01 00:00:00'
  ),
  (
    'Arianna Barton',
    3,
    38,
    '2020-07-01 00:00:00',
    '2020-07-01 00:00:00'
  ),
  (
    'Mabel Drew',
    1,
    29,
    '2020-07-01 00:00:00',
    '2020-07-01 00:00:00'
  ),
  (
    'Finnian Hunter',
    13,
    11,
    '2020-07-01 00:00:00',
    '2020-07-01 00:00:00'
  ),
  (
    'Hester Pike',
    12,
    28,
    '2020-07-01 00:00:00',
    '2020-07-01 00:00:00'
  ),
  (
    'Cecelia Mcloughlin',
    2,
    30,
    '2020-07-01 00:00:00',
    '2020-07-01 00:00:00'
  ),
  (
    'Roy Rowland',
    11,
    6,
    '2020-07-01 00:00:00',
    '2020-07-01 00:00:00'
  ),
  (
    'Oakley Hughes',
    4,
    3,
    '2020-07-01 00:00:00',
    '2020-07-01 00:00:00'
  ),
  (
    'Carole Lozano',
    4,
    31,
    '2020-07-01 00:00:00',
    '2020-07-01 00:00:00'
  ),
  (
    'Ana Buxton',
    8,
    27,
    '2020-07-01 00:00:00',
    '2020-07-01 00:00:00'
  ),
  (
    'Deon Swanson',
    12,
    7,
    '2020-07-01 00:00:00',
    '2020-07-01 00:00:00'
  ),
  (
    'Danyl Shelton',
    11,
    42,
    '2020-07-01 00:00:00',
    '2020-07-01 00:00:00'
  ),
  (
    'Deanna Contreras',
    11,
    12,
    '2020-07-01 00:00:00',
    '2020-07-01 00:00:00'
  ),
  (
    'David Mclellan',
    3,
    43,
    '2020-07-01 00:00:00',
    '2020-07-01 00:00:00'
  ),
  (
    'Kara Wilson',
    14,
    4,
    '2020-07-01 00:00:00',
    '2020-07-01 00:00:00'
  ),
  (
    'Adela Potts',
    15,
    5,
    '2020-07-01 00:00:00',
    '2020-07-01 00:00:00'
  ),
  (
    'Kimberly Baker',
    10,
    3,
    '2020-07-01 00:00:00',
    '2020-07-01 00:00:00'
  ),
  (
    'Beck Cline',
    9,
    9,
    '2020-07-01 00:00:00',
    '2020-07-01 00:00:00'
  ),
  (
    'Georga Austin',
    7,
    18,
    '2020-07-01 00:00:00',
    '2020-07-01 00:00:00'
  ),
  (
    'Martina Hunt',
    6,
    15,
    '2020-07-01 00:00:00',
    '2020-07-01 00:00:00'
  ),
  (
    'Anastasia Aldred',
    7,
    34,
    '2020-07-01 00:00:00',
    '2020-07-01 00:00:00'
  ),
  (
    'Serena Barry',
    10,
    10,
    '2020-07-01 00:00:00',
    '2020-07-01 00:00:00'
  ),
  (
    'Miley Acevedo',
    13,
    17,
    '2020-07-01 00:00:00',
    '2020-07-01 00:00:00'
  ),
  (
    'Vikki Colley',
    9,
    2,
    '2020-07-01 00:00:00',
    '2020-07-01 00:00:00'
  ),
  (
    'Otis Li',
    7,
    13,
    '2020-07-01 00:00:00',
    '2020-07-01 00:00:00'
  ),
  (
    'Israr Callaghan',
    14,
    32,
    '2020-07-01 00:00:00',
    '2020-07-01 00:00:00'
  ),
  (
    'Anum Bloom',
    7,
    21,
    '2020-07-01 00:00:00',
    '2020-07-01 00:00:00'
  ),
  (
    'Hamish East',
    4,
    8,
    '2020-07-01 00:00:00',
    '2020-07-01 00:00:00'
  ),
  (
    'Abbas Everett',
    12,
    19,
    '2020-07-01 00:00:00',
    '2020-07-01 00:00:00'
  ),
  (
    'Sami Moore',
    2,
    13,
    '2020-07-01 00:00:00',
    '2020-07-01 00:00:00'
  ),
  (
    'Alice Read',
    1,
    43,
    '2020-07-01 00:00:00',
    '2020-07-01 00:00:00'
  ),
  (
    'Monika Ayers',
    1,
    33,
    '2020-07-01 00:00:00',
    '2020-07-01 00:00:00'
  ),
  (
    'Felicity Mullins',
    13,
    31,
    '2020-07-01 00:00:00',
    '2020-07-01 00:00:00'
  ),
  (
    'Reon Rudd',
    5,
    43,
    '2020-07-01 00:00:00',
    '2020-07-01 00:00:00'
  ),
  (
    'Krzysztof Cantu',
    11,
    26,
    '2020-07-01 00:00:00',
    '2020-07-01 00:00:00'
  ),
  (
    'Kaydan Watt',
    4,
    38,
    '2020-07-01 00:00:00',
    '2020-07-01 00:00:00'
  ),
  (
    'Jarred Landry',
    14,
    12,
    '2020-07-01 00:00:00',
    '2020-07-01 00:00:00'
  ),
  (
    'Ashton Christensen',
    13,
    38,
    '2020-07-01 00:00:00',
    '2020-07-01 00:00:00'
  ),
  (
    'Lilly Rubio',
    15,
    18,
    '2020-07-01 00:00:00',
    '2020-07-01 00:00:00'
  ),
  (
    'Marion Cannon',
    12,
    43,
    '2020-07-01 00:00:00',
    '2020-07-01 00:00:00'
  );
INSERT INTO contactLists (
    contactTypeID,
    businessID,
    contactID,
    contactInfo,
    createdAt,
    updatedAt
  )
VALUES (
    1,
    1,
    1,
    '(737) 404-2675',
    '2020-07-01 00:00:00',
    '2020-07-01 00:00:00'
  ),
  (
    4,
    1,
    1,
    '(841) 922-7687',
    '2020-07-01 00:00:00',
    '2020-07-01 00:00:00'
  ),
  (
    3,
    8,
    18,
    '(580) 257-4268',
    '2020-07-01 00:00:00',
    '2020-07-01 00:00:00'
  ),
  (
    2,
    12,
    null,
    'jewelry@jewelry.com',
    '2020-07-01 00:00:00',
    '2020-07-01 00:00:00'
  ),
  (
    2,
    null,
    11,
    'sarah@gmail.com',
    '2020-07-01 00:00:00',
    '2020-07-01 00:00:00'
  ),
  (
    1,
    null,
    7,
    '(630) 268-9562',
    '2020-07-01 00:00:00',
    '2020-07-01 00:00:00'
  ),
  (
    3,
    4,
    null,
    '(300) 849-6328',
    '2020-07-01 00:00:00',
    '2020-07-01 00:00:00'
  ),
  (
    3,
    14,
    null,
    '(281) 687-1856',
    '2020-07-01 00:00:00',
    '2020-07-01 00:00:00'
  ),
  (
    2,
    4,
    null,
    'fitness@fitness.com',
    '2020-07-01 00:00:00',
    '2020-07-01 00:00:00'
  ),
  (
    2,
    3,
    null,
    'healthy@fitness.com',
    '2020-07-01 00:00:00',
    '2020-07-01 00:00:00'
  ),
  (
    3,
    null,
    9,
    '(328) 350-8103',
    '2020-07-01 00:00:00',
    '2020-07-01 00:00:00'
  ),
  (
    3,
    null,
    16,
    '(254) 693-6236',
    '2020-07-01 00:00:00',
    '2020-07-01 00:00:00'
  ),
  (
    3,
    null,
    17,
    '(755) 787-5296',
    '2020-07-01 00:00:00',
    '2020-07-01 00:00:00'
  ),
  (
    1,
    null,
    10,
    '(425) 613-0384',
    '2020-07-01 00:00:00',
    '2020-07-01 00:00:00'
  ),
  (
    1,
    null,
    8,
    '(797) 824-1271',
    '2020-07-01 00:00:00',
    '2020-07-01 00:00:00'
  ),
  (
    2,
    null,
    7,
    'bob@gmail.com',
    '2020-07-01 00:00:00',
    '2020-07-01 00:00:00'
  ),
  (
    2,
    null,
    14,
    'jerry@gmail.com',
    '2020-07-01 00:00:00',
    '2020-07-01 00:00:00'
  ),
  (
    2,
    null,
    2,
    'jack@gmail.com',
    '2020-07-01 00:00:00',
    '2020-07-01 00:00:00'
  ),
  (
    2,
    null,
    24,
    'jill@gmail.com',
    '2020-07-01 00:00:00',
    '2020-07-01 00:00:00'
  ),
  (
    3,
    9,
    null,
    '(412) 600-6118',
    '2020-07-01 00:00:00',
    '2020-07-01 00:00:00'
  ),
  (
    3,
    1,
    null,
    '(278) 950-1914',
    '2020-07-01 00:00:00',
    '2020-07-01 00:00:00'
  ),
  (
    1,
    1,
    null,
    '(674) 611-2017',
    '2020-07-01 00:00:00',
    '2020-07-01 00:00:00'
  ),
  (
    2,
    null,
    10,
    'general@jewelry.com',
    '2020-07-01 00:00:00',
    '2020-07-01 00:00:00'
  ),
  (
    2,
    null,
    4,
    'Sam@gmail.com',
    '2020-07-01 00:00:00',
    '2020-07-01 00:00:00'
  ),
  (
    3,
    null,
    17,
    '(459) 737-3217',
    '2020-07-01 00:00:00',
    '2020-07-01 00:00:00'
  ),
  (
    1,
    null,
    17,
    '(499) 519-1898',
    '2020-07-01 00:00:00',
    '2020-07-01 00:00:00'
  ),
  (
    1,
    null,
    4,
    '(443) 968-7689',
    '2020-07-01 00:00:00',
    '2020-07-01 00:00:00'
  ),
  (
    2,
    16,
    null,
    'heyYou@gmail.com',
    '2020-07-01 00:00:00',
    '2020-07-01 00:00:00'
  ),
  (
    1,
    null,
    5,
    '(476) 840-4735',
    '2020-07-01 00:00:00',
    '2020-07-01 00:00:00'
  ),
  (
    1,
    16,
    null,
    '(569) 755-5017',
    '2020-07-01 00:00:00',
    '2020-07-01 00:00:00'
  ),
  (
    1,
    2,
    null,
    '(650) 977-4444',
    '2020-07-01 00:00:00',
    '2020-07-01 00:00:00'
  );
INSERT INTO locks (lockType, createdAt, updatedAt)
VALUES (
    'Admin',
    '2020-07-01 00:00:00',
    '2020-07-01 00:00:00'
  ),
  (
    'Manager',
    '2020-07-01 00:00:00',
    '2020-07-01 00:00:00'
  ),
  (
    'Employee',
    '2020-07-01 00:00:00',
    '2020-07-01 00:00:00'
  );
INSERT INTO users (
    name,
    email,
    password,
    lockID,
    createdAt,
    updatedAt
  )
VALUES (
    'admin',
    'admin@gmail.cim',
    '123456',
    1,
    '2020-07-01 00:00:00',
    '2020-07-01 00:00:00'
  ),
  (
    'manager',
    'manager@gmail.com',
    2,
    '123456',
    '2020-07-01 00:00:00',
    '2020-07-01 00:00:00'
  ),
  (
    'employee',
    'employee@gmail.com',
    3,
    '123456',
    '2020-07-01 00:00:00',
    '2020-07-01 00:00:00'
  );
INSERT INTO businessEvents (
    businessID,
    startDate,
    startTime,
    endDate,
    endTime,
    booth,
    createdAt,
    updatedAt
  )
VALUES (
    1,
    '2020-08-01',
    '09:00',
    '2020-08-15',
    '10:00',
    'b105',
    '2020-07-01 00:00:00',
    '2020-07-01 00:00:00'
  ),
  (
    2,
    '2020-08-01',
    '09:00',
    '2020-08-15',
    '10:00',
    'b104',
    '2020-07-01 00:00:00',
    '2020-07-01 00:00:00'
  ),
  (
    3,
    '2020-08-01',
    '09:00',
    '2020-08-15',
    '10:00',
    'b103',
    '2020-07-01 00:00:00',
    '2020-07-01 00:00:00'
  );
INSERT INTO eventDeals (
    eventID,
    businessID,
    deal,
    createdAt,
    updatedAt
  )
VALUES (
    2,
    3,
    '30% off if purchased before event',
    '2020-07-01 00:00:00',
    '2020-07-01 00:00:00'
  ),
  (
    2,
    5,
    '10% off at event',
    '2020-07-01 00:00:00',
    '2020-07-01 00:00:00'
  ),
  (
    2,
    6,
    '15% off when survey submitted',
    '2020-07-01 00:00:00',
    '2020-07-01 00:00:00'
  );
INSERT INTO products (
    name,
    price,
    businessID,
    createdAt,
    updatedAt
  )
VALUES (
    'Ring series A',
    10.00,
    2,
    '2020-07-01 00:00:00',
    '2020-07-01 00:00:00'
  ),
  (
    'Ring series B',
    10.00,
    2,
    '2020-07-01 00:00:00',
    '2020-07-01 00:00:00'
  ),
  (
    'Ring series C',
    15.00,
    2,
    '2020-07-01 00:00:00',
    '2020-07-01 00:00:00'
  ),
  (
    'Ring series D',
    12.00,
    2,
    '2020-07-01 00:00:00',
    '2020-07-01 00:00:00'
  ),
  (
    'Ring series E',
    12.00,
    2,
    '2020-07-01 00:00:00',
    '2020-07-01 00:00:00'
  ),
  (
    'Flower Necklace',
    20.00,
    2,
    '2020-07-01 00:00:00',
    '2020-07-01 00:00:00'
  ),
  (
    'Rose Necklace',
    25.00,
    2,
    '2020-07-01 00:00:00',
    '2020-07-01 00:00:00'
  ),
  (
    'Smiley Necklace',
    15.00,
    2,
    '2020-07-01 00:00:00',
    '2020-07-01 00:00:00'
  ),
  (
    'Water Bottle',
    10.00,
    4,
    '2020-07-01 00:00:00',
    '2020-07-01 00:00:00'
  ),
  (
    '10 week fitness plan',
    500.00,
    4,
    '2020-07-01 00:00:00',
    '2020-07-01 00:00:00'
  ),
  (
    '20 week fitness plan',
    800.00,
    4,
    '2020-07-01 00:00:00',
    '2020-07-01 00:00:00'
  ),
  (
    '52 week fitness plan',
    2000.00,
    4,
    '2020-07-01 00:00:00',
    '2020-07-01 00:00:00'
  ),
  (
    'Nutrition coaching',
    100.00,
    4,
    '2020-07-01 00:00:00',
    '2020-07-01 00:00:00'
  ),
  (
    'Quality consultation',
    100.00,
    1,
    '2020-07-01 00:00:00',
    '2020-07-01 00:00:00'
  ),
  (
    '3 pages basic website',
    100.00,
    3,
    '2020-07-01 00:00:00',
    '2020-07-01 00:00:00'
  ),
  (
    '3 page intermediate website',
    300.00,
    3,
    '2020-07-01 00:00:00',
    '2020-07-01 00:00:00'
  ),
  (
    '3 page advance website',
    500.00,
    3,
    '2020-07-01 00:00:00',
    '2020-07-01 00:00:00'
  ),
  (
    'Database consultation',
    200.00,
    3,
    '2020-07-01 00:00:00',
    '2020-07-01 00:00:00'
  ),
  (
    'Design consultation',
    200.00,
    3,
    '2020-07-01 00:00:00',
    '2020-07-01 00:00:00'
  );
INSERT INTO businessIndustries (
    businessID,
    industryID,
    createdAt,
    updatedAt
  )
VALUES (
    1,
    3,
    '2020-07-01 00:00:00',
    '2020-07-01 00:00:00'
  ),
  (
    1,
    2,
    '2020-07-01 00:00:00',
    '2020-07-01 00:00:00'
  ),
  (
    1,
    10,
    '2020-07-01 00:00:00',
    '2020-07-01 00:00:00'
  ),
  (
    1,
    10,
    '2020-07-01 00:00:00',
    '2020-07-01 00:00:00'
  ),
  (
    2,
    4,
    '2020-07-01 00:00:00',
    '2020-07-01 00:00:00'
  ),
  (
    2,
    6,
    '2020-07-01 00:00:00',
    '2020-07-01 00:00:00'
  ),
  (
    2,
    2,
    '2020-07-01 00:00:00',
    '2020-07-01 00:00:00'
  ),
  (
    2,
    9,
    '2020-07-01 00:00:00',
    '2020-07-01 00:00:00'
  ),
  (
    3,
    7,
    '2020-07-01 00:00:00',
    '2020-07-01 00:00:00'
  ),
  (
    3,
    9,
    '2020-07-01 00:00:00',
    '2020-07-01 00:00:00'
  ),
  (
    4,
    7,
    '2020-07-01 00:00:00',
    '2020-07-01 00:00:00'
  ),
  (
    4,
    10,
    '2020-07-01 00:00:00',
    '2020-07-01 00:00:00'
  ),
  (
    4,
    8,
    '2020-07-01 00:00:00',
    '2020-07-01 00:00:00'
  ),
  (
    4,
    6,
    '2020-07-01 00:00:00',
    '2020-07-01 00:00:00'
  ),
  (
    4,
    6,
    '2020-07-01 00:00:00',
    '2020-07-01 00:00:00'
  ),
  (
    5,
    6,
    '2020-07-01 00:00:00',
    '2020-07-01 00:00:00'
  ),
  (
    5,
    4,
    '2020-07-01 00:00:00',
    '2020-07-01 00:00:00'
  ),
  (
    5,
    1,
    '2020-07-01 00:00:00',
    '2020-07-01 00:00:00'
  ),
  (
    6,
    10,
    '2020-07-01 00:00:00',
    '2020-07-01 00:00:00'
  ),
  (
    7,
    2,
    '2020-07-01 00:00:00',
    '2020-07-01 00:00:00'
  ),
  (
    7,
    2,
    '2020-07-01 00:00:00',
    '2020-07-01 00:00:00'
  ),
  (
    7,
    2,
    '2020-07-01 00:00:00',
    '2020-07-01 00:00:00'
  ),
  (
    8,
    10,
    '2020-07-01 00:00:00',
    '2020-07-01 00:00:00'
  ),
  (
    8,
    2,
    '2020-07-01 00:00:00',
    '2020-07-01 00:00:00'
  ),
  (
    8,
    2,
    '2020-07-01 00:00:00',
    '2020-07-01 00:00:00'
  ),
  (
    8,
    4,
    '2020-07-01 00:00:00',
    '2020-07-01 00:00:00'
  ),
  (
    8,
    10,
    '2020-07-01 00:00:00',
    '2020-07-01 00:00:00'
  ),
  (
    9,
    6,
    '2020-07-01 00:00:00',
    '2020-07-01 00:00:00'
  ),
  (
    9,
    4,
    '2020-07-01 00:00:00',
    '2020-07-01 00:00:00'
  ),
  (
    10,
    1,
    '2020-07-01 00:00:00',
    '2020-07-01 00:00:00'
  ),
  (
    10,
    1,
    '2020-07-01 00:00:00',
    '2020-07-01 00:00:00'
  ),
  (
    10,
    5,
    '2020-07-01 00:00:00',
    '2020-07-01 00:00:00'
  );
INSERT INTO serviceBusiness (
    businessID,
    serviceID,
    createdAt,
    updatedAt
  )
VALUES (
    1,
    14,
    '2020-07-01 00:00:00',
    '2020-07-01 00:00:00'
  ),
  (
    1,
    1,
    '2020-07-01 00:00:00',
    '2020-07-01 00:00:00'
  ),
  (
    1,
    18,
    '2020-07-01 00:00:00',
    '2020-07-01 00:00:00'
  ),
  (
    1,
    14,
    '2020-07-01 00:00:00',
    '2020-07-01 00:00:00'
  ),
  (
    2,
    10,
    '2020-07-01 00:00:00',
    '2020-07-01 00:00:00'
  ),
  (
    2,
    45,
    '2020-07-01 00:00:00',
    '2020-07-01 00:00:00'
  ),
  (
    2,
    45,
    '2020-07-01 00:00:00',
    '2020-07-01 00:00:00'
  ),
  (
    2,
    28,
    '2020-07-01 00:00:00',
    '2020-07-01 00:00:00'
  ),
  (
    3,
    25,
    '2020-07-01 00:00:00',
    '2020-07-01 00:00:00'
  ),
  (
    3,
    1,
    '2020-07-01 00:00:00',
    '2020-07-01 00:00:00'
  ),
  (
    4,
    26,
    '2020-07-01 00:00:00',
    '2020-07-01 00:00:00'
  ),
  (
    4,
    32,
    '2020-07-01 00:00:00',
    '2020-07-01 00:00:00'
  ),
  (
    4,
    5,
    '2020-07-01 00:00:00',
    '2020-07-01 00:00:00'
  ),
  (
    4,
    12,
    '2020-07-01 00:00:00',
    '2020-07-01 00:00:00'
  ),
  (
    4,
    39,
    '2020-07-01 00:00:00',
    '2020-07-01 00:00:00'
  ),
  (
    5,
    58,
    '2020-07-01 00:00:00',
    '2020-07-01 00:00:00'
  ),
  (
    5,
    51,
    '2020-07-01 00:00:00',
    '2020-07-01 00:00:00'
  ),
  (
    5,
    26,
    '2020-07-01 00:00:00',
    '2020-07-01 00:00:00'
  ),
  (
    6,
    14,
    '2020-07-01 00:00:00',
    '2020-07-01 00:00:00'
  ),
  (
    7,
    66,
    '2020-07-01 00:00:00',
    '2020-07-01 00:00:00'
  ),
  (
    7,
    35,
    '2020-07-01 00:00:00',
    '2020-07-01 00:00:00'
  ),
  (
    7,
    31,
    '2020-07-01 00:00:00',
    '2020-07-01 00:00:00'
  ),
  (
    8,
    41,
    '2020-07-01 00:00:00',
    '2020-07-01 00:00:00'
  ),
  (
    8,
    62,
    '2020-07-01 00:00:00',
    '2020-07-01 00:00:00'
  ),
  (
    8,
    61,
    '2020-07-01 00:00:00',
    '2020-07-01 00:00:00'
  ),
  (
    8,
    1,
    '2020-07-01 00:00:00',
    '2020-07-01 00:00:00'
  ),
  (
    8,
    64,
    '2020-07-01 00:00:00',
    '2020-07-01 00:00:00'
  ),
  (
    9,
    1,
    '2020-07-01 00:00:00',
    '2020-07-01 00:00:00'
  ),
  (
    9,
    42,
    '2020-07-01 00:00:00',
    '2020-07-01 00:00:00'
  ),
  (
    10,
    22,
    '2020-07-01 00:00:00',
    '2020-07-01 00:00:00'
  ),
  (
    10,
    34,
    '2020-07-01 00:00:00',
    '2020-07-01 00:00:00'
  ),
  (
    10,
    55,
    '2020-07-01 00:00:00',
    '2020-07-01 00:00:00'
  );
INSERT INTO contactBusinessFunctions (
    contactID,
    businessFunctionID,
    roleID,
    createdAt,
    updatedAt
  )
VALUES (
    1,
    9,
    10,
    '2020-07-01 00:00:00',
    '2020-07-01 00:00:00'
  ),
  (
    1,
    4,
    4,
    '2020-07-01 00:00:00',
    '2020-07-01 00:00:00'
  ),
  (
    2,
    2,
    1,
    '2020-07-01 00:00:00',
    '2020-07-01 00:00:00'
  ),
  (
    2,
    2,
    2,
    '2020-07-01 00:00:00',
    '2020-07-01 00:00:00'
  ),
  (
    2,
    11,
    12,
    '2020-07-01 00:00:00',
    '2020-07-01 00:00:00'
  ),
  (
    3,
    13,
    30,
    '2020-07-01 00:00:00',
    '2020-07-01 00:00:00'
  ),
  (
    3,
    2,
    2,
    '2020-07-01 00:00:00',
    '2020-07-01 00:00:00'
  ),
  (
    4,
    6,
    5,
    '2020-07-01 00:00:00',
    '2020-07-01 00:00:00'
  ),
  (
    5,
    7,
    6,
    '2020-07-01 00:00:00',
    '2020-07-01 00:00:00'
  ),
  (
    6,
    1,
    1,
    '2020-07-01 00:00:00',
    '2020-07-01 00:00:00'
  ),
  (
    7,
    10,
    8,
    '2020-07-01 00:00:00',
    '2020-07-01 00:00:00'
  ),
  (
    7,
    3,
    4,
    '2020-07-01 00:00:00',
    '2020-07-01 00:00:00'
  ),
  (
    8,
    7,
    9,
    '2020-07-01 00:00:00',
    '2020-07-01 00:00:00'
  ),
  (
    8,
    13,
    15,
    '2020-07-01 00:00:00',
    '2020-07-01 00:00:00'
  ),
  (
    9,
    5,
    3,
    '2020-07-01 00:00:00',
    '2020-07-01 00:00:00'
  ),
  (
    10,
    5,
    4,
    '2020-07-01 00:00:00',
    '2020-07-01 00:00:00'
  ),
  (
    11,
    13,
    12,
    '2020-07-01 00:00:00',
    '2020-07-01 00:00:00'
  ),
  (
    12,
    9,
    8,
    '2020-07-01 00:00:00',
    '2020-07-01 00:00:00'
  ),
  (
    13,
    5,
    3,
    '2020-07-01 00:00:00',
    '2020-07-01 00:00:00'
  ),
  (
    14,
    6,
    3,
    '2020-07-01 00:00:00',
    '2020-07-01 00:00:00'
  ),
  (
    15,
    11,
    28,
    '2020-07-01 00:00:00',
    '2020-07-01 00:00:00'
  ),
  (
    16,
    12,
    15,
    '2020-07-01 00:00:00',
    '2020-07-01 00:00:00'
  ),
  (
    17,
    5,
    2,
    '2020-07-01 00:00:00',
    '2020-07-01 00:00:00'
  ),
  (
    18,
    12,
    19,
    '2020-07-01 00:00:00',
    '2020-07-01 00:00:00'
  ),
  (
    19,
    2,
    20,
    '2020-07-01 00:00:00',
    '2020-07-01 00:00:00'
  ),
  (
    20,
    3,
    1,
    '2020-07-01 00:00:00',
    '2020-07-01 00:00:00'
  ),
  (
    21,
    4,
    3,
    '2020-07-01 00:00:00',
    '2020-07-01 00:00:00'
  ),
  (
    22,
    7,
    9,
    '2020-07-01 00:00:00',
    '2020-07-01 00:00:00'
  ),
  (
    23,
    11,
    7,
    '2020-07-01 00:00:00',
    '2020-07-01 00:00:00'
  ),
  (
    24,
    8,
    6,
    '2020-07-01 00:00:00',
    '2020-07-01 00:00:00'
  ),
  (
    25,
    9,
    17,
    '2020-07-01 00:00:00',
    '2020-07-01 00:00:00'
  ),
  (
    26,
    13,
    24,
    '2020-07-01 00:00:00',
    '2020-07-01 00:00:00'
  );
INSERT INTO contactWhenContacts (
    contactID,
    contactWhenID,
    createdAt,
    updatedAt
  )
VALUES (
    1,
    7,
    '2020-07-01 00:00:00',
    '2020-07-01 00:00:00'
  ),
  (
    1,
    7,
    '2020-07-01 00:00:00',
    '2020-07-01 00:00:00'
  ),
  (
    2,
    6,
    '2020-07-01 00:00:00',
    '2020-07-01 00:00:00'
  ),
  (
    2,
    8,
    '2020-07-01 00:00:00',
    '2020-07-01 00:00:00'
  ),
  (
    2,
    7,
    '2020-07-01 00:00:00',
    '2020-07-01 00:00:00'
  ),
  (
    3,
    2,
    '2020-07-01 00:00:00',
    '2020-07-01 00:00:00'
  ),
  (
    3,
    4,
    '2020-07-01 00:00:00',
    '2020-07-01 00:00:00'
  ),
  (
    4,
    8,
    '2020-07-01 00:00:00',
    '2020-07-01 00:00:00'
  ),
  (
    5,
    7,
    '2020-07-01 00:00:00',
    '2020-07-01 00:00:00'
  ),
  (
    6,
    1,
    '2020-07-01 00:00:00',
    '2020-07-01 00:00:00'
  ),
  (
    7,
    1,
    '2020-07-01 00:00:00',
    '2020-07-01 00:00:00'
  ),
  (
    7,
    2,
    '2020-07-01 00:00:00',
    '2020-07-01 00:00:00'
  ),
  (
    8,
    8,
    '2020-07-01 00:00:00',
    '2020-07-01 00:00:00'
  ),
  (
    8,
    5,
    '2020-07-01 00:00:00',
    '2020-07-01 00:00:00'
  ),
  (
    9,
    4,
    '2020-07-01 00:00:00',
    '2020-07-01 00:00:00'
  ),
  (
    10,
    7,
    '2020-07-01 00:00:00',
    '2020-07-01 00:00:00'
  ),
  (
    11,
    4,
    '2020-07-01 00:00:00',
    '2020-07-01 00:00:00'
  ),
  (
    12,
    8,
    '2020-07-01 00:00:00',
    '2020-07-01 00:00:00'
  ),
  (
    13,
    7,
    '2020-07-01 00:00:00',
    '2020-07-01 00:00:00'
  ),
  (
    14,
    6,
    '2020-07-01 00:00:00',
    '2020-07-01 00:00:00'
  ),
  (
    15,
    8,
    '2020-07-01 00:00:00',
    '2020-07-01 00:00:00'
  ),
  (
    16,
    2,
    '2020-07-01 00:00:00',
    '2020-07-01 00:00:00'
  ),
  (
    17,
    7,
    '2020-07-01 00:00:00',
    '2020-07-01 00:00:00'
  ),
  (
    18,
    7,
    '2020-07-01 00:00:00',
    '2020-07-01 00:00:00'
  ),
  (
    19,
    8,
    '2020-07-01 00:00:00',
    '2020-07-01 00:00:00'
  ),
  (
    20,
    6,
    '2020-07-01 00:00:00',
    '2020-07-01 00:00:00'
  ),
  (
    21,
    3,
    '2020-07-01 00:00:00',
    '2020-07-01 00:00:00'
  ),
  (
    22,
    1,
    '2020-07-01 00:00:00',
    '2020-07-01 00:00:00'
  ),
  (
    23,
    6,
    '2020-07-01 00:00:00',
    '2020-07-01 00:00:00'
  ),
  (
    24,
    5,
    '2020-07-01 00:00:00',
    '2020-07-01 00:00:00'
  ),
  (
    25,
    2,
    '2020-07-01 00:00:00',
    '2020-07-01 00:00:00'
  ),
  (
    26,
    1,
    '2020-07-01 00:00:00',
    '2020-07-01 00:00:00'
  );
INSERT INTO importantToBusinesses (
    businessID,
    description,
    createdAt,
    updatedAt
  )
VALUES (
    '1',
    'Prompt communication',
    '2020-07-01 00:00:00',
    '2020-07-01 00:00:00'
  ),
  (
    1,
    'When we say it is important, then keep us updated.',
    '2020-07-01 00:00:00',
    '2020-07-01 00:00:00'
  ),
  (
    1,
    'Quality products',
    '2020-07-01 00:00:00',
    '2020-07-01 00:00:00'
  ),
  (
    1,
    'Payment 50% when ordered, 50% when received',
    '2020-07-01 00:00:00',
    '2020-07-01 00:00:00'
  ),
  (
    1,
    'No surprises. Email before shipping.',
    '2020-07-01 00:00:00',
    '2020-07-01 00:00:00'
  ),
  (
    2,
    'Prompt communication',
    '2020-07-01 00:00:00',
    '2020-07-01 00:00:00'
  ),
  (
    2,
    'When we say it is important, then keep us updated.',
    '2020-07-01 00:00:00',
    '2020-07-01 00:00:00'
  ),
  (
    3,
    'Quality products',
    '2020-07-01 00:00:00',
    '2020-07-01 00:00:00'
  ),
  (
    4,
    'Payment 50% when ordered, 50% when received',
    '2020-07-01 00:00:00',
    '2020-07-01 00:00:00'
  ),
  (
    5,
    'No surprises. Email before shipping.',
    '2020-07-01 00:00:00',
    '2020-07-01 00:00:00'
  );